"","GeoID","Protein.Name","Transition","Peptide.Sequence","Fragment.Ion","Evalue","SPID","ProteinName","Organism","GO","PFAM"
"14","comp142726_c0_seq1","cds.comp142726_c0_seq1|m.43039","Q - y7+","SIQQSVENIR","y7",0,"Q11011","Puromycin-sensitive aminopeptidase (PSA) (EC 3.4.11.14) (Cytosol alanyl aminopeptidase) (AAP-S)","Mus musculus (Mouse)","cellular response to hypoxia [GO:0071456]; peptide catabolic process [GO:0043171]; positive regulation of protein targeting to mitochondrion [GO:1903955]; proteolysis [GO:0006508]","PF11838;PF01433;"
"8036","comp143196_c0_seq1","cds.comp143196_c0_seq1|m.45003","L - y3+","WNPFDLTK","y3",0,"P00432","Catalase (EC 1.11.1.6)","Bos taurus (Bovine)","aerobic respiration [GO:0009060]; cholesterol metabolic process [GO:0008203]; hemoglobin metabolic process [GO:0020027]; hydrogen peroxide catabolic process [GO:0042744]; negative regulation of apoptotic process [GO:0043066]; negative regulation of NF-kappaB transcription factor activity [GO:0032088]; osteoblast differentiation [GO:0001649]; oxidation-reduction process [GO:0055114]; positive regulation of cell division [GO:0051781]; positive regulation of NF-kappaB transcription factor activity [GO:0051092]; positive regulation of phosphatidylinositol 3-kinase signaling [GO:0014068]; protein homotetramerization [GO:0051289]; response to hydrogen peroxide [GO:0042542]; triglyceride metabolic process [GO:0006641]; UV protection [GO:0009650]","PF00199;PF06628;"
"13351","comp29498_c0_seq1","cds.comp29498_c0_seq1|m.1010","T - y6+","AQLWDTAGQER","y6",1e-85,"O35509","Ras-related protein Rab-11B","Rattus norvegicus (Rat)","cellular response to acidic pH [GO:0071468]; constitutive secretory pathway [GO:0045054]; establishment of protein localization to membrane [GO:0090150]; insulin secretion involved in cellular response to glucose stimulus [GO:0035773]; melanosome transport [GO:0032402]; receptor recycling [GO:0001881]; regulated exocytosis [GO:0045055]; regulation of anion transport [GO:0044070]; regulation of endocytic recycling [GO:2001135]; regulation of protein localization to cell surface [GO:2000008]; retrograde transport, endosome to plasma membrane [GO:1990126]; small GTPase mediated signal transduction [GO:0007264]; transferrin transport [GO:0033572]","PF00071;"
"13371","comp132209_c0_seq1","cds.comp132209_c0_seq1|m.20047","N - y10+","SLTNDWEDHLAVK","y10",0,"P30946","Heat shock protein HSP 90-alpha","Oryctolagus cuniculus (Rabbit)","protein folding [GO:0006457]; response to antibiotic [GO:0046677]; response to cold [GO:0009409]; response to heat [GO:0009408]","PF02518;PF00183;"
"21064","comp141683_c0_seq1","cds.comp141683_c0_seq1|m.39192","D - y4+","TVIEPMAGDGLR","y4",9e-62,"Q13733","Sodium/potassium-transporting ATPase subunit alpha-4 (Na(+)/K(+) ATPase alpha-4 subunit) (EC 3.6.3.9) (Sodium pump subunit alpha-4)","Homo sapiens (Human)","ATP hydrolysis coupled proton transport [GO:0015991]; cellular potassium ion homeostasis [GO:0030007]; cellular sodium ion homeostasis [GO:0006883]; fertilization [GO:0009566]; ion transmembrane transport [GO:0034220]; potassium ion import [GO:0010107]; potassium ion transport [GO:0006813]; regulation of cardiac conduction [GO:1903779]; regulation of cellular pH [GO:0030641]; regulation of membrane potential [GO:0042391]; sodium ion export from cell [GO:0036376]; sodium ion transport [GO:0006814]; spermatogenesis [GO:0007283]; sperm motility [GO:0030317]","PF00689;PF00690;PF00122;"
"32680","comp116478_c0_seq1","cds.comp116478_c0_seq1|m.9888","precursor+++ [M+2]","ENNADTSSGHIDDDTIR","precursor [M+2]",7e-39,"P00185","Cytochrome P450 1A1 (CYP1A1) (EC 1.14.14.1) (CYPIA1) (Cytochrome P450-C) (Cytochrome P450MT2) [Cleaved into: Cytochrome P450MT2A; Cytochrome P450MT2B]","Rattus norvegicus (Rat)","9-cis-retinoic acid biosynthetic process [GO:0042904]; aging [GO:0007568]; amine metabolic process [GO:0009308]; camera-type eye development [GO:0043010]; cell proliferation [GO:0008283]; cellular response to organic cyclic compound [GO:0071407]; coumarin metabolic process [GO:0009804]; developmental process [GO:0032502]; dibenzo-p-dioxin catabolic process [GO:0019341]; dibenzo-p-dioxin metabolic process [GO:0018894]; digestive tract development [GO:0048565]; drug metabolic process [GO:0017144]; embryo development ending in birth or egg hatching [GO:0009792]; flavonoid metabolic process [GO:0009812]; hepatocyte differentiation [GO:0070365]; hydrogen peroxide biosynthetic process [GO:0050665]; insecticide metabolic process [GO:0017143]; liver development [GO:0001889]; maternal process involved in parturition [GO:0060137]; porphyrin-containing compound metabolic process [GO:0006778]; positive regulation of G1/S transition of mitotic cell cycle [GO:1900087]; response to antibiotic [GO:0046677]; response to arsenic-containing substance [GO:0046685]; response to drug [GO:0042493]; response to food [GO:0032094]; response to herbicide [GO:0009635]; response to hyperoxia [GO:0055093]; response to hypoxia [GO:0001666]; response to immobilization stress [GO:0035902]; response to iron(III) ion [GO:0010041]; response to lipopolysaccharide [GO:0032496]; response to nematode [GO:0009624]; response to organic cyclic compound [GO:0014070]; response to organic substance [GO:0010033]; response to virus [GO:0009615]; response to vitamin A [GO:0033189]; response to wounding [GO:0009611]","PF00067;"
"50133","comp143236_c1_seq1","cds.comp143236_c1_seq1|m.45178","precursor++ [M+2]","GIAPVENVSNVK","precursor [M+2]",0,"Q9WUB3","Glycogen phosphorylase, muscle form (EC 2.4.1.1) (Myophosphorylase)","Mus musculus (Mouse)","cellular calcium ion homeostasis [GO:0006874]; glycogen catabolic process [GO:0005980]; response to cAMP [GO:0051591]; response to hypoxia [GO:0001666]","PF00343;"
"51117","comp135856_c0_seq2","cds.comp135856_c0_seq2|m.25326","L - y8+","STTLDIMTVTK","y8",2e-94,"P09917","Arachidonate 5-lipoxygenase (5-LO) (5-lipoxygenase) (EC 1.13.11.34)","Homo sapiens (Human)","acute inflammatory response [GO:0002526]; arachidonic acid metabolic process [GO:0019369]; leukotriene biosynthetic process [GO:0019370]; leukotriene metabolic process [GO:0006691]; leukotriene production involved in inflammatory response [GO:0002540]; lipoxin metabolic process [GO:2001300]; lipoxygenase pathway [GO:0019372]; positive regulation of vasoconstriction [GO:0045907]; response to hyperoxia [GO:0055093]; response to nutrient [GO:0007584]; sensory perception of pain [GO:0019233]","PF00305;PF01477;"
"51840","comp128522_c0_seq1","cds.comp128522_c0_seq1|m.16281","L - y5+","HVGDLGNVK","y5",1e-57,"P28757","Superoxide dismutase [Cu-Zn] 2 (EC 1.15.1.1)","Oryza sativa subsp. japonica (Rice)","removal of superoxide radicals [GO:0019430]","PF00080;"
"51915","comp140244_c0_seq4","cds.comp140244_c0_seq4|m.34346","D - y5+","STAGDTHLGGEDFDNR","y5",0,"Q91233","Heat shock 70 kDa protein (HSP70)","Oncorhynchus tshawytscha (Chinook salmon) (Salmo tshawytscha)","","PF00012;"
"57458","comp136585_c1_seq9","cds.comp136585_c1_seq9|m.26572","T - y9+","LTKPAPEWSGTAVVNGEFK","y9",2e-95,"Q6B4U9","Peroxiredoxin-1 (EC 1.11.1.15)","Myotis lucifugus (Little brown bat)","cell proliferation [GO:0008283]; erythrocyte homeostasis [GO:0034101]; hydrogen peroxide catabolic process [GO:0042744]; natural killer cell mediated cytotoxicity [GO:0042267]; regulation of NF-kappaB import into nucleus [GO:0042345]; regulation of stress-activated MAPK cascade [GO:0032872]; removal of superoxide radicals [GO:0019430]; retina homeostasis [GO:0001895]","PF10417;PF00578;"
"61547","comp142978_c0_seq3","cds.comp142978_c0_seq3|m.44140","A - y6+","EAMLSAGFSDK","y6",0,"O46629","Trifunctional enzyme subunit beta, mitochondrial (TP-beta) [Includes: 3-ketoacyl-CoA thiolase (EC 2.3.1.16) (Acetyl-CoA acyltransferase) (Beta-ketothiolase)]","Bos taurus (Bovine)","fatty acid beta-oxidation [GO:0006635]","PF02803;PF00108;"
"74502","comp135363_c0_seq1","cds.comp135363_c0_seq1|m.24227","M - y3+","LIQLEEDMTK","y3",0,"P07237","Protein disulfide-isomerase (PDI) (EC 5.3.4.1) (Cellular thyroid hormone-binding protein) (Prolyl 4-hydroxylase subunit beta) (p55)","Homo sapiens (Human)","cell redox homeostasis [GO:0045454]; cellular response to hypoxia [GO:0071456]; lipoprotein biosynthetic process [GO:0042158]; peptidyl-proline hydroxylation to 4-hydroxy-L-proline [GO:0018401]; positive regulation of viral entry into host cell [GO:0046598]; protein folding [GO:0006457]; regulation of oxidative stress-induced intrinsic apoptotic signaling pathway [GO:1902175]; response to endoplasmic reticulum stress [GO:0034976]; response to reactive oxygen species [GO:0000302]","PF00085;"
